<?xml version="1.0" encoding="utf-8"?>
<SonarProjectConfig xmlns:xsi="http://www.w3.org/2001/XMLSchema-instance" xmlns:xsd="http://www.w3.org/2001/XMLSchema" xmlns="http://www.sonarsource.com/msbuild/analyzer/2021/1">
  <AnalysisConfigPath>D:\RIX_Tech\.NetCore\ProductmangementSystem\.sonarqube\conf\SonarQubeAnalysisConfig.xml</AnalysisConfigPath>
  <ProjectPath>D:\RIX_Tech\.NetCore\ProductmangementSystem\ProductmangementSystem.csproj</ProjectPath>
  <FilesToAnalyzePath>D:\RIX_Tech\.NetCore\ProductmangementSystem\.sonarqube\conf\0\FilesToAnalyze.txt</FilesToAnalyzePath>
  <OutPath>D:\RIX_Tech\.NetCore\ProductmangementSystem\.sonarqube\out\0</OutPath>
  <ProjectType>Product</ProjectType>
  <TargetFramework>net8.0</TargetFramework>
</SonarProjectConfig>